generation,mean_best,std_best
0,3.05,0.14744083559177215
1,3.0736,0.10673537370525293
2,3.0450999999999997,0.1034654048462576
3,3.1393,0.2415496015314454
4,3.1242000000000005,0.09972141194347378
5,3.2765,0.24232839288865834
6,3.2176,0.22484270057086567
7,3.2293999999999996,0.12715203498174918
8,3.2817999999999996,0.18056455909175528
9,3.4139999999999993,0.19113450761178633
10,3.467999999999999,0.22861845944717593
11,3.3112000000000004,0.2114983687880358
12,3.3834000000000004,0.18545037071949996
13,3.4888000000000003,0.21132288091922266
14,3.4883,0.20973700198105244
15,3.4404999999999992,0.26743045825036466
16,3.4015999999999997,0.2666684083276459
17,3.4145000000000003,0.1931399751475598
18,3.3455,0.1436386090158214
19,3.3788000000000005,0.1343970237765701
20,3.4086,0.15229786603889103
21,3.3846000000000003,0.1527083494770342
22,3.4270000000000005,0.3098748134327797
23,3.4025,0.19784248785334263
24,3.4760000000000004,0.22164340730100682
25,3.2862999999999998,0.11580505170328276
26,3.3778000000000006,0.13672951400484087
27,3.38,0.18344590483300524
28,3.3385000000000007,0.26810865334785444
29,3.3725,0.144679818910586
30,3.3480999999999996,0.15518211881528104
31,3.4612000000000003,0.21787556081396559
32,3.4035,0.1503304693001388
33,3.3282000000000003,0.15725062797966818
34,3.4080999999999997,0.20496558247666843
35,3.3886000000000003,0.09252156505377547
36,3.3896,0.184893591019267
37,3.3276000000000003,0.15657726527181393
38,3.4509999999999996,0.15593844939590765
39,3.3412999999999995,0.1890608632160554
40,3.4402999999999997,0.21943201680702842
41,3.4349999999999996,0.1715441634098929
42,3.4393000000000002,0.2639140200898771
43,3.3787,0.190792583713309
44,3.4242,0.16863558343362778
45,3.3865000000000003,0.17423676420319548
46,3.4315999999999995,0.13933714508342712
47,3.3613999999999997,0.20236906878275646
48,3.3705,0.21209066457531775
49,3.3730999999999995,0.2712800951046722
50,3.4526000000000003,0.2678560060928258
51,3.4658,0.1805889254633295
52,3.3991999999999996,0.20041646638936633
53,3.3744,0.18471935469787668
54,3.3778999999999995,0.12197249689991595
55,3.4535000000000005,0.23233607124163916
56,3.3922,0.2820449609548094
57,3.3867,0.15931983555100726
58,3.4735,0.19542121174529659
59,3.5192,0.2370003375525022
60,3.4604,0.20685270121514004
61,3.293,0.1373004005820813
62,3.4201,0.2091221891622217
63,3.4210000000000003,0.15142192707794996
64,3.4055,0.18462082764412044
65,3.4201,0.1667269924157454
66,3.4217,0.1757936574510013
67,3.465,0.3905165809539972
68,3.4459000000000004,0.21283019052756594
69,3.3759,0.21239371459626566
70,3.4579,0.11951773926911427
71,3.4024,0.15975994491736661
72,3.4687000000000006,0.20140757185369185
73,3.4494999999999996,0.1776503588513122
74,3.3435,0.13784357076048193
75,3.4457999999999998,0.16168351802209152
76,3.3293,0.09452835553419942
77,3.3619999999999997,0.173255880131094
78,3.344499999999999,0.1646191058170345
79,3.442100000000001,0.21936474192540614
80,3.4351000000000007,0.13445701915482136
81,3.5524999999999998,0.2634157360523473
82,3.2994,0.22378167932161025
83,3.4162,0.24809022552289323
84,3.3705,0.22162772840960143
85,3.4397999999999995,0.20301566442026092
86,3.3003,0.15500132257500254
87,3.3543999999999996,0.21761397013978667
88,3.410100000000001,0.19953368136733193
89,3.5159,0.21639013378617794
90,3.505,0.18526683459270313
91,3.4583000000000004,0.17413216245139782
92,3.4534999999999996,0.11816958153433564
93,3.3867,0.22250260672630331
94,3.4512,0.13114785549142613
95,3.3871,0.15851842164240726
96,3.4898000000000002,0.26030589697507817
97,3.4148000000000005,0.12087001282369436
98,3.4970999999999997,0.16533387432707186
99,3.3985,0.14222956795265881
100,3.4244,0.21420140055564532
