generation,seed_1_best,seed_2_best,seed_3_best,seed_4_best,seed_5_best,seed_6_best,seed_7_best,seed_8_best,seed_9_best,seed_10_best
0,2.015931035947057,1.9196814057197111,2.0730171212089843,2.128137723004847,1.9223767653166783,2.113347517794709,1.8899753291475827,2.113347517794709,1.804800012306178,2.3494141697490885
1,2.1946521427199635,2.6906726115209674,2.250356052776449,2.2748831818213353,2.357565167218567,2.5088857457205735,2.2748831818213353,2.3494141697490885,2.055913571087347,2.1200076687296963
2,2.3992438126812936,2.4411542731880105,2.8781972310050787,2.3414821595051847,2.2668934107705683,2.2668934107705683,2.597378664013073,2.4328268959939745,2.569914064807768,2.51269917744208
3,2.399243812681293,2.645536398588596,2.185227979323578,2.375192319072808,2.1524790077681444,2.6125492133612456,2.3080446656312095,2.3001917290674956,2.428922503293159,2.300201626017113
4,2.51269917744208,2.8935201262221355,2.367600840234019,2.3262466931249994,2.357565167218567,2.6204538872654934,2.5777231594945214,2.3659427759829246,2.2589426660112704,2.2668934107705683
5,2.8417414660455655,2.5777231594945214,2.3262466931249994,2.754509420768842,2.409171989448305,2.485353884687499,2.4929841320011796,2.585750978903935,2.341482159505185,2.3494141697490885
6,2.4929841320011796,2.5275174419547968,2.6255320009194456,2.367600840234019,2.357565167218567,2.382991910412396,2.4164175926935,2.604859819205812,2.8055477142828362,2.569914064807768
7,2.562316470999349,2.5171719348234336,2.5171719348234336,2.604859819205812,2.4328268959939745,2.341482159505185,2.594005174652903,2.4077113670454198,2.485353884687499,2.562316470999349
8,2.3262466931249994,2.4328268959939745,2.6716648609616955,2.6755418865761804,2.4328268959939745,2.4666885966430985,2.3262466931249994,2.382991910412396,2.6830028177858303,2.3992438126812936
9,2.6612201481095172,2.604859819205812,2.5275174419547968,2.996381558318536,2.6830028177858303,2.68300281778583,3.04115427318801,2.7186255903131213,2.450964793464948,2.5008256860872686
10,2.5352351270485043,2.5171719348234336,2.733954023663417,2.6125492133612456,2.5513226761128527,2.4748801962788916,2.5352351270485043,2.5008694556135973,2.5352351270485043,2.6476432560509564
11,2.7333542925537753,2.341689238157647,2.8935201262221355,3.139412365997921,2.640069877292806,2.4328268959939745,2.7333542925537753,2.569914064807768,2.733954023663417,2.540726205800858
12,2.443418196361698,2.349414169749089,2.8417414660455655,2.640069877292806,2.308044665631209,2.4587192625900975,2.8857509789039346,2.597378664013073,2.9668097347716857,2.7261834070827513
13,2.761958753684275,2.6204538872654934,2.6204538872654934,2.74021342852187,2.7696178808965,2.5171719348234336,2.640069877292806,2.6125492133612456,2.4168431570364897,2.849399154171702
14,2.5275174419547968,2.382991910412396,2.569914064807768,2.6476432560509564,2.733954023663417,2.604859819205812,2.6830028177858303,2.4587192625900975,2.640069877292806,2.8212992493665316
15,2.974592887863287,2.5200076687296966,2.8857509789039346,2.6906726115209674,2.640069877292806,2.569914064807768,2.562316470999349,2.604859819205812,2.5352351270485043,2.5477288358141696
16,2.8417414660455655,2.797996545229879,2.6755418865761804,2.783508376904449,2.711273648821395,2.71500819674334,2.7186255903131213,2.4748801962788916,2.8417414660455655,2.711273648821395
17,2.841741466045566,2.5513226761128527,2.8342948267302006,2.8212992493665316,2.74021342852187,2.49298413200118,3.0115348557734563,2.6204538872654934,2.51269917744208,2.6125492133612456
18,2.604859819205812,2.632701625392565,2.6682831127919275,3.0115348557734563,2.4434181963616974,2.485353884687499,2.6612201481095172,2.5830147858233614,2.7906523060568924,2.5431677324458386
19,2.8857509789039346,2.857275137945849,2.8857509789039346,2.6830028177858303,2.647643256050957,2.5088857457205735,2.647643256050957,2.6906726115209674,2.820007668729696,2.6755418865761804
20,3.1018637329471854,2.632701625392565,2.640069877292806,2.9668097347716857,2.761958753684275,2.3494141697490885,2.87085178923278,2.7261834070827513,2.930032258400195,2.604859819205812
21,2.8857509789039346,2.3944370321119637,2.569914064807768,2.996381558318536,2.8935201262221355,2.5513226761128527,2.655428629753482,2.7041210313718196,2.747263114365117,2.6612201481095177
22,2.69716153239344,2.5900990883593,2.8270523877075244,2.9006174016002264,2.409171989448305,2.604859819205812,2.706667566594935,2.7041210313718196,2.989119740520991,3.056549968000263
23,2.9685143923871893,2.375192319072808,2.7835083769044493,2.930032258400195,2.569914064807768,2.7261834070827513,2.9668097347716857,2.5477288358141696,2.711273648821395,2.761958753684275
24,2.820007668729696,2.5777231594945214,2.7586181819275444,2.813312812412205,2.569914064807768,2.597378664013073,2.7696178808965,2.733954023663417,2.8055477142828362,2.982600909450648
25,2.7855945776946696,2.87085178923278,2.7261834070827513,2.87085178923278,2.8055477142828362,2.733954023663417,2.6285812944275806,2.8055477142828362,2.6554286297534815,2.8055477142828362
26,2.49298413200118,2.4411542731880105,2.5777231594945214,2.5055856885979377,2.4360728552925917,2.5477288358141696,2.901512185197409,2.625532000919446,2.6327016253925652,3.048742396612429
27,2.8857509789039346,2.733954023663417,2.9379180831300173,2.849399154171702,2.5549235491879903,2.7419447684271727,2.5900990883593,2.6830028177858303,2.8417414660455655,2.8342948267302006
28,2.74021342852187,2.663433265163359,2.9223664331228423,2.7041210313718196,2.540726205800858,2.5200076687296966,2.8342948267302006,3.0787184750981003,2.7186255903131213,2.5513226761128527
29,2.820007668729696,2.569914064807768,2.428922503293159,3.086214069244055,2.9592438126812937,2.6906726115209674,2.8417414660455655,2.777493961364401,2.8055477142828362,2.6327016253925652
30,2.597378664013073,2.663433265163359,2.5200076687296966,2.7696178808965,2.647643256050957,2.6204538872654934,2.6906726115209674,2.5549235491879903,2.914913251585264,2.663433265163359
31,2.4929841320011796,2.6830028177858303,2.68300281778583,2.813312812412205,2.640069877292806,3.1239485778280205,2.5900990883593,2.7545094207688425,2.6830028177858303,2.914913251585264
32,3.1546246456520404,3.04115427318801,2.6755418865761804,2.6755418865761804,2.754509420768842,2.5777231594945214,2.7419447684271727,2.6682831127919275,2.6327016253925652,3.093926607269493
33,2.597378664013073,2.7041210313718196,2.6830028177858303,2.6682831127919275,2.583014785823362,2.8417414660455655,2.640069877292806,2.6327016253925652,2.8417414660455655,2.797996545229879
34,2.625532000919446,2.907665765203776,2.640069877292806,2.391006607943255,2.761958753684275,2.7041210313718196,2.797996545229879,2.907665765203776,2.6612201481095172,2.5339098481990945
35,2.8781972310050787,2.754509420768842,2.663433265163359,2.5200076687296966,2.87085178923278,2.485353884687499,2.989119740520991,2.6985583584392274,2.797996545229879,3.0787184750981003
36,2.9518879132756406,2.698558358439227,2.6476432560509564,2.647643256050957,2.87085178923278,2.640069877292806,2.747263114365117,2.5275174419547968,2.7835083769044493,2.632701625392565
37,2.7419447684271727,2.6204538872654934,2.754509420768842,2.583014785823362,2.632701625392565,2.6204538872654934,2.5275174419547968,2.6125492133612456,2.477928137991519,2.597378664013073
38,2.8857509789039346,2.485353884687499,2.68300281778583,3.1315694323915135,2.783508376904449,2.562316470999349,2.7696178808965,2.777493961364401,2.7339540236634177,2.7186255903131213
39,2.7472631143651167,2.5008256860872686,2.6682831127919275,2.7765584890237194,2.668283112791928,2.466688596643099,2.51269917744208,2.5431677324458386,2.7041210313718196,2.8781972310050787
40,3.064349662363336,2.761958753684275,2.8637079471828124,2.597378664013073,2.640069877292806,2.9518879132756406,3.269501773050707,2.8342948267302006,2.8342948267302006,2.6830028177858303
41,2.4434181963616974,2.6204538872654934,2.6125492133612456,2.711273648821395,2.761958753684275,2.401705426812306,2.498661247695754,2.6755418865761804,3.0787184750981003,2.477928137991519
42,2.8131545306252925,2.7696178808965,2.8342948267302006,2.7261834070827513,2.8055477142828362,2.6755418865761804,2.498661247695754,2.761958753684275,2.5900990883593,2.450964793464948
43,2.5352351270485043,2.6906726115209674,2.7261834070827513,2.6830028177858303,2.733954023663417,2.901512185197409,2.632701625392565,2.797996545229879,2.857275137945849,2.6476432560509564
44,3.048742396612429,2.8270523877075244,2.7472631143651167,2.5275174419547968,2.8653770958036864,2.982600909450648,2.5777231594945214,2.8857509789039346,2.5352351270485043,2.6285812944275806
45,2.6255320009194456,2.4168431570364897,2.625532000919446,2.761958753684275,2.74021342852187,2.7545094207688425,2.628581294427581,2.7696178808965,2.9592438126812937,2.6476432560509564
46,2.7906523060568924,2.7906523060568924,2.733954023663417,2.7472631143651167,2.632701625392565,3.0196351345114363,2.5900990883593,2.8342948267302006,2.6682831127919275,2.7906523060568924
47,3.048742396612429,2.761958753684275,2.74021342852187,2.711273648821395,2.914913251585264,2.55492354918799,2.5275174419547968,2.914913251585264,2.797996545229879,2.9518879132756406
48,3.223203420634587,2.5900990883593,2.783508376904449,2.597378664013073,2.733954023663417,2.8637079471828124,2.5900990883593,2.4091719894483052,2.7835083769044493,2.9668097347716857
49,2.6906726115209674,3.048742396612429,2.7906523060568924,2.783508376904449,3.0645847748876727,2.562316470999349,2.901512185197409,2.562316470999349,2.663433265163359,2.6906726115209674
50,2.6255320009194456,2.8781972310050787,2.6906726115209674,2.6125492133612456,2.8857509789039346,2.640069877292806,2.640069877292806,2.7419447684271727,2.6682831127919275,2.7261834070827513
51,2.4360728552925917,2.711273648821395,3.200201626017113,2.8342948267302006,2.5549235491879903,2.597378664013073,2.562316470999349,2.6554286297534815,2.6125492133612456,2.6755418865761804
52,2.8781972310050787,2.8857509789039346,2.7939277721691487,2.930032258400195,2.893520126222136,2.7696178808965,2.5549235491879903,2.562316470999349,2.7186255903131213,2.797996545229879
53,2.9223664331228423,2.597378664013073,2.711273648821395,2.5352351270485043,2.914913251585264,2.7545094207688425,2.8200076687296964,2.996381558318536,2.698558358439227,2.7545094207688416
54,2.562316470999349,2.8342948267302006,2.569914064807768,2.7041210313718196,3.1093434908241457,2.8270523877075244,2.7696178808965,2.597378664013073,2.6612201481095177,2.982600909450648
55,2.7696178808965,2.893520126222136,2.8417414660455655,2.761958753684275,2.8055477142828362,2.8133128124122044,2.841741466045566,2.8781972310050787,2.5900990883593,2.7261834070827513
56,2.9518879132756406,2.597378664013073,2.5549235491879903,2.9379180831300173,2.8025020868128063,2.6125492133612456,2.7472631143651167,2.9223664331228423,2.6204538872654934,2.477928137991519
57,2.7696178808965,2.485353884687499,2.6755418865761804,2.7697966991961493,2.761958753684275,2.711273648821395,2.69716153239344,2.6554286297534815,2.540726205800858,2.9820587697306844
58,2.6255320009194456,2.849399154171702,2.6906726115209674,2.7041210313718196,2.7419447684271727,3.238718271879669,2.989119740520991,2.477928137991519,2.5900990883593003,2.9223664331228423
59,3.064349662363336,2.8781972310050787,2.813312812412205,2.6906726115209674,2.647643256050957,2.6906726115209674,2.827052387707524,2.6755418865761804,2.6830028177858303,2.6755418865761804
60,2.6830028177858303,2.733954023663417,2.7906523060568924,2.87085178923278,2.8342948267302006,2.6682831127919275,2.6612201481095172,2.944735224332135,2.67554188657618,2.9518879132756406
61,3.15462464565204,2.4360728552925917,2.9668097347716857,2.6716648609616955,2.777493961364401,2.594005174652903,2.6906726115209674,2.7765584890237194,2.569914064807768,2.7186255903131213
62,2.914913251585264,2.632701625392565,2.914913251585264,2.4929841320011796,2.9518879132756406,2.7186255903131213,2.7906523060568924,2.754509420768842,3.04115427318801,2.8781972310050787
63,2.7696178808965,2.698558358439227,2.6682831127919275,2.7186255903131213,2.597378664013073,2.7697966991961493,3.1315694323915135,2.6327016253925652,2.8499999999999996,2.8857509789039346
64,2.4666885966430985,2.604859819205812,2.69716153239344,2.7186255903131213,2.7261834070827513,2.783508376904449,2.8637079471828124,2.7855945776946696,2.6327016253925652,2.7041210313718196
65,2.6830028177858303,2.4929841320011796,2.5008256860872686,2.7472631143651167,2.6554286297534815,2.706667566594935,2.9300322584001957,2.733954023663417,2.754509420768842,2.6755418865761804
66,2.640069877292806,2.51269917744208,2.5777231594945214,2.9223664331228423,2.8857509789039346,2.7855945776946696,2.7041210313718196,2.8055477142828362,2.6682831127919275,2.7696178808965
67,2.914913251585264,2.930032258400195,2.827052387707524,2.7041210313718196,2.7261834070827513,2.7041210313718196,2.424725728910542,2.6830028177858303,2.813312812412205,2.813312812412205
68,2.7906523060568924,2.6830028177858303,2.9223664331228423,2.485353884687499,2.9223664331228423,3.03377825164097,2.5549235491879903,2.827052387707524,2.813312812412205,2.783508376904449
69,2.711273648821395,2.5900990883593,2.8055477142828362,2.8781972310050787,2.8055477142828362,2.849399154171702,3.0337782516409693,2.87085178923278,2.640069877292806,2.7765584890237194
70,2.761958753684275,2.914913251585264,2.754509420768842,2.946031704427071,2.7186255903131213,2.8342948267302006,2.711273648821395,2.6255320009194456,2.6755418865761804,2.797996545229879
71,2.4636647113420294,2.562316470999349,2.6185548459247894,2.7545094207688425,2.849399154171702,2.562316470999349,2.640069877292806,2.569914064807768,2.6327016253925652,2.698558358439227
72,2.7186255903131213,2.632701625392565,2.8342948267302006,3.0115348557734563,2.5275174419547968,2.485353884687499,2.5900990883593,2.5777231594945214,2.477928137991519,2.6327016253925652
73,2.6543469749074395,2.5549235491879903,2.900617401600227,2.711273648821395,2.6755418865761804,2.7697966991961493,2.5088857457205735,2.7041210313718196,2.6185548459247894,2.7419447684271727
74,2.647643256050957,2.6255320009194456,2.95188791327564,2.8342948267302006,2.930032258400195,2.6830028177858303,2.776558489023719,3.238718271879669,2.7906523060568924,2.813312812412205
75,2.7906523060568924,2.849399154171702,2.761958753684275,2.6906726115209674,2.827052387707524,2.8781972310050787,2.470700448984572,2.562316470999349,2.4168431570364897,2.95188791327564
76,2.4929841320011796,2.5352351270485043,2.857275137945849,2.783508376904449,2.7112736488213955,2.797996545229879,2.6682831127919275,2.450964793464948,2.7419447684271727,2.849399154171702
77,2.7186255903131213,3.048742396612429,2.9592438126812937,2.8781972310050787,2.6906726115209674,3.093926607269493,2.733954023663417,2.597378664013073,2.6255320009194456,2.7041210313718196
78,2.813312812412205,2.754509420768842,2.783508376904449,2.4929841320011796,2.6476432560509564,2.5008256860872686,2.6125492133612456,2.6255320009194456,2.797996545229879,2.754509420768842
79,2.5352351270485043,2.5900990883593,3.0196351345114363,2.8055477142828362,2.797996545229879,2.849399154171702,2.711273648821395,2.647643256050957,2.647643256050957,2.7939277721691487
80,2.604859819205812,2.640069877292806,2.68300281778583,2.520007668729696,2.6327016253925652,2.5900990883593,3.048742396612429,2.9592438126812937,2.3873607041317504,2.761958753684275
81,2.647643256050957,2.6682831127919275,2.6255320009194456,2.632701625392565,3.086214069244055,2.5900990883593,2.647643256050957,3.0714326115113115,3.1315694323915135,2.632701625392565
82,2.6906726115209674,2.8417414660455655,2.4360728552925917,2.996381558318536,2.8212992493665316,2.647643256050957,2.7186255903131213,2.640069877292806,2.647643256050957,2.8342948267302006
83,2.8055477142828362,2.604859819205812,2.996381558318536,2.7339540236634177,2.7186255903131213,2.7472631143651167,2.5275174419547968,2.6830028177858303,2.7472631143651167,2.6755418865761804
84,2.8637079471828124,2.647643256050957,2.7186255903131213,2.733954023663417,2.9820587697306844,2.8781972310050787,2.5171719348234336,2.87085178923278,2.597378664013073,2.597378664013073
85,2.5431677324458386,2.520007668729696,2.6716648609616955,2.663433265163359,2.5088857457205735,2.7261834070827513,2.8857509789039346,2.520007668729696,2.87085178923278,2.6125492133612456
86,2.698558358439227,2.9908419029335165,2.901512185197409,2.7906523060568924,3.1619447684271726,2.6755418865761804,2.733954023663417,3.147509873648496,2.754509420768842,2.6125492133612456
87,2.632701625392565,2.6327016253925652,2.8055477142828362,2.706667566594935,2.6906726115209674,2.797996545229879,2.7261834070827513,3.147509873648496,2.7339540236634177,2.7472631143651167
88,2.663433265163359,2.6476432560509564,2.7186255903131213,2.9223664331228423,2.706667566594935,2.9379180831300173,2.7906523060568924,2.4929841320011796,2.849399154171702,2.604859819205812
89,2.5549235491879903,2.562316470999349,2.8055477142828362,2.9518879132756406,2.604859819205812,2.797996545229879,2.477928137991519,2.597378664013073,2.813154530625293,2.754509420768842
90,2.597378664013073,2.4929841320011796,2.8417414660455655,2.8637079471828124,2.857275137945849,2.547728835814169,2.6125492133612456,2.597378664013073,2.754509420768842,3.056549968000263
91,2.5900990883593003,2.8342948267302006,2.777493961364401,2.9223664331228423,2.4666885966430985,2.604859819205812,2.562316470999349,2.655428629753481,2.733954023663417,2.8200076687296964
92,2.6682831127919275,2.6716648609616955,2.6255320009194456,2.647643256050957,2.8270523877075244,2.6204538872654934,2.9223664331228423,2.9592438126812937,2.5275174419547968,2.6830028177858303
93,2.7906523060568924,2.6906726115209674,2.7906523060568924,2.6755418865761804,2.797996545229879,2.6830028177858303,2.711273648821395,2.6476432560509564,2.450964793464948,2.7112736488213955
94,3.048742396612429,2.5477288358141696,2.6682831127919275,2.6554286297534815,3.011534855773456,2.5513226761128527,2.7186255903131213,2.640069877292806,2.9820587697306844,2.8637079471828124
95,2.6255320009194456,2.6185548459247894,2.827052387707524,2.7261834070827513,2.918197399117431,2.75016340741895,2.5171719348234336,2.761958753684275,3.1315694323915135,2.6125492133612456
96,2.6285812944275806,2.8055477142828362,2.7696178808965,2.569914064807768,2.5431677324458386,2.827052387707524,2.982600909450648,2.61855484592479,2.7906523060568924,3.0787184750981003
97,2.3494141697490885,2.754509420768842,2.6682831127919275,2.87085178923278,2.640069877292806,2.597378664013073,2.9300322584001957,2.754509420768842,2.711273648821395,2.754509420768842
98,2.6125492133612456,2.5549235491879903,2.6125492133612456,2.7835083769044493,2.640069877292806,3.200201626017113,2.6830028177858303,3.200201626017113,2.597378664013073,2.74021342852187
99,2.5275174419547968,2.604859819205812,2.8417414660455655,2.6476432560509564,2.857275137945849,2.5008256860872686,2.711273648821395,2.6830028177858303,2.6755418865761804,2.761958753684275
100,2.5431677324458386,2.8935201262221355,2.711273648821395,2.5900990883593,2.5275174419547968,2.6830028177858303,2.5549235491879903,2.6204538872654934,2.797996545229879,2.6755418865761804
