run_prob,short_pass_prob,deep_pass_prob,fourth_down_aggression,fitness
0.09585034782339825,0.8626983560296428,0.04145129614695888,0.9452722815846436,1.4905429413672366
0.03675039144406097,0.963249608555939,0.0,0.9355076679309666,1.401623656425466
0.03592494266996456,0.9640750573300354,0.0,0.938281635229958,1.3136367365569983
0.0,1.0,0.0,1.0,1.291024877151141
0.021696199233772657,0.900087192585394,0.07821660818083342,0.9017089997409077,1.2905449991710574
0.0,0.978844054484705,0.02115594551529493,1.0,1.284187170919001
0.07292730060677219,0.9270726993932277,0.0,0.7323809074979422,1.2471968345841897
0.007500153467187213,0.9515666892470365,0.04093315728577636,1.0,1.2261465084474557
0.0,1.0,0.0,0.9484936178717478,1.2106110599422062
0.0,1.0,0.0,0.9532222730282095,1.1665647189656738
0.11573034387403368,0.8584873547088699,0.02578230141709653,0.934657530141937,1.1611148321839753
0.0,1.0,0.0,0.8896869998920216,1.1538038264476262
0.0,0.9848516446412442,0.015148355358755783,0.9888742183563464,1.1164652189193633
0.0,0.9549621892047954,0.045037810795204594,0.8456897256694282,1.1021438607422445
0.13326608488165856,0.7555474186679669,0.11118649645037455,0.7640651753616287,1.098230673559553
0.056827163936976656,0.9017673500497445,0.04140548601327885,0.9627923984990567,1.0887421305664489
0.05454139102033973,0.8763944537985618,0.06906415518109835,0.7161711599546874,1.0820562791762853
0.0037734520134193564,0.8785169912394398,0.11770955674714081,0.9682049201119332,1.0386248299141803
0.23353485146643738,0.7664651485335626,0.0,0.8369806305911344,1.0322734179314808
0.01978162263145142,0.9001901448127926,0.08002823255575611,0.7817476045828198,1.0320298744477157
0.028604671836517465,0.9189240097509455,0.05247131841253704,0.8097107786660034,1.0188498076541
0.11700422811298834,0.8829957718870116,0.0,0.96800485055333,0.9952222725682074
0.13172043143473688,0.8682795685652631,0.0,1.0,0.9947021458237164
0.07446808464017524,0.8668210782592074,0.05871083710061735,0.919262495180385,0.9886696622159943
0.22005127020710502,0.7799487297928949,0.0,0.7067338112694672,0.9859987608431029
0.07176529567846987,0.9282347043215302,0.0,0.9849266913443878,0.9809410982973135
0.07333519340300046,0.873365773881977,0.053299032715022614,0.9350791187574048,0.9750696392338782
0.28790963082791365,0.6889494698662159,0.02314089930587029,0.8295379506422899,0.9695485704783604
0.02413086061873796,0.8449119693758208,0.1309571700054413,0.9951265182649667,0.9570242292185647
0.19382636207077936,0.7975092323195513,0.008664405609669376,0.8132315430135968,0.9546132315822591
0.0,1.0,0.0,1.0,0.9527046798088832
0.006882623681607622,0.9861328517904517,0.006984524527940562,0.8216212129430138,0.945660116200906
0.0,0.8922517563402849,0.10774824365971507,0.8625202749331344,0.9403246396358897
0.029813831820422954,0.9387896164010214,0.03139655177855566,1.0,0.934373345394349
0.23951168580386092,0.760488314196139,0.0,0.7700555520971968,0.9245935407070889
0.0,0.9930353569949516,0.006964643005048381,0.8572967481874971,0.9114437232043349
0.04830489967943337,0.9024388692382938,0.04925623108227293,0.9393355480100477,0.9047368612858677
0.058289983926551395,0.9321344638631072,0.009575552210341547,0.9778932964494147,0.9034820416749936
0.026242047080224627,0.9737579529197753,0.0,0.6716258450368543,0.8972675693170409
0.08652105208904172,0.8729659065733212,0.04051304133763703,1.0,0.8963591168980598
0.05307205011883582,0.9413526696576945,0.005575280223469745,0.9717285514968481,0.8859958677736348
0.0,1.0,0.0,0.929763983711299,0.8828366309334339
0.0,0.9759034706113447,0.02409652938865524,0.9017362177637356,0.8823477304380238
0.08409268469529484,0.915907315304705,0.0,0.8667205293764706,0.8770440937172095
0.0,1.0,0.0,0.9766677588671809,0.872595747281572
0.12114241625547896,0.7609212270792737,0.11793635666524725,0.9711064835535256,0.8404167126056603
0.0,1.0,0.0,0.8985242207984734,0.8336028745300734
0.0,0.9028891080032901,0.0971108919967099,0.7174203918740406,0.8264716531284388
0.0,0.9595420543836607,0.040457945616339315,0.7718339009551426,0.8056694089523215
0.0,0.983833858266517,0.0161661417334829,1.0,0.7980368154553015
0.0,1.0,0.0,0.7492060478437838,0.7923393168657835
0.038392151805397734,0.95256657891659,0.009041269278012246,0.9287965071459795,0.7714982465613904
0.0,0.9985178506913696,0.001482149308630492,0.6794175318207034,0.7571842982769803
0.031689279599184904,0.9683107204008151,0.0,0.9686211844979881,0.751262992879947
0.0,0.8138201003143953,0.18617989968560467,0.6986938948226558,0.7229016545358364
0.04728830062478482,0.937871509104766,0.014840190270449187,0.9474884464295844,0.717742834191093
0.1608170448452185,0.8391829551547815,0.0,0.810136486209999,0.7172381139004975
0.0,1.0,0.0,0.7975798452398583,0.7135929915050154
0.038555509115216664,0.8266997877783409,0.13474470310644243,0.8304893362767586,0.7021733059409714
0.01831364332058157,0.9816863566794184,0.0,0.9972058789842898,0.6890526606053569
0.015652532369993446,0.8600909719633498,0.12425649566665671,1.0,0.6887437374854293
0.0,0.969634960289979,0.030365039710021004,0.932338197748448,0.6817428291099219
0.1464909526280232,0.842587336547169,0.01092171082480784,0.7397410318800518,0.6618279940905114
0.0395367619809566,0.9243147358562553,0.03614850216278815,0.8626547884896396,0.6608417213897366
0.022271345732708395,0.8941298821487867,0.08359877211850492,0.5774994445538827,0.6548860624615984
0.02470762865095948,0.9752923713490406,0.0,1.0,0.6472000232222108
0.12959561716507279,0.8692650217330792,0.0011393611018480968,0.97647197946985,0.6438639918772604
0.07180303258809062,0.8087705810561866,0.11942638635572277,1.0,0.6395116214323879
0.09827425604558292,0.8707043984854526,0.031021345468964512,0.8763923594384045,0.6313041414916982
0.0019390502951769772,0.9154481424177467,0.08261280728707643,1.0,0.6278994112023419
0.188808508125904,0.7385200215873424,0.07267147028675353,0.9710159886231892,0.6270596540144602
0.019793612899842574,0.888496162271096,0.09171022482906148,1.0,0.620425172784745
0.0,0.9057784436751305,0.09422155632486945,0.9568295019781675,0.618014983414124
0.0,0.9814314335414178,0.018568566458582188,0.776947217955866,0.6149138533570928
0.0,0.9879999574843769,0.012000042515623132,1.0,0.6131883415657131
0.0021078593010175756,0.9674419121324911,0.030450228566491492,0.9797029579149141,0.6061951762197912
0.23183643450028701,0.7241721543950911,0.043991411104621986,0.94971932759862,0.5685304430674938
0.08577460041124742,0.8781427637900714,0.036082635798681297,0.8508599601207478,0.560167119767117
0.0,0.8136176409010977,0.1863823590989023,0.9382524631344618,0.5601137812833366
0.07865529435942907,0.8950229576155877,0.02632174802498323,0.7168158267873196,0.5433822636558892
0.18849078513394713,0.7819625814808967,0.02954663338515607,0.8178144162584545,0.5374811464119027
0.19219299049393576,0.7257166913499308,0.08209031815613345,0.9922368573933408,0.5201250038582628
0.04357707498638725,0.9336123610087631,0.022810564004849793,0.8962073628031518,0.5134644965648314
0.08177621236224826,0.9182237876377517,0.0,0.8774703629792342,0.5105429413672362
0.012326430349774537,0.9602064036645668,0.0274671659856587,0.9813472670870587,0.5031276801048874
0.0,0.8294801405998169,0.17051985940018316,0.8909331610883371,0.48520998532646686
0.10824482942621293,0.8696854161546606,0.022069754419126588,1.0,0.4577677604375876
0.0,1.0,0.0,0.8512418417194332,0.4416290956628861
0.2325414135083663,0.7674585864916337,0.0,0.9215893732343745,0.4257587270888643
0.13907301172413114,0.8609269882758689,0.0,0.9151078161733841,0.4256926536756551
0.0005347770253209865,0.9341631083851784,0.06530211458950061,0.8486160757727611,0.42077931832092386
0.0,0.979541212251196,0.020458787748804032,1.0,0.39092986548990694
0.0,0.9858968538171272,0.014103146182872785,0.8420668490016556,0.3785801182000925
0.12700340432025575,0.7622446713309463,0.11075192434879806,0.8939051105834014,0.23295552159242128
0.0,0.9277307942489393,0.07226920575106062,0.9328874269481306,0.23106863786316856
0.10392263862946942,0.8783189329422304,0.017758428428300083,0.834720332492183,0.2077402050604793
0.0,0.9938809006332923,0.006119099366707751,0.9047966057687657,0.17554906796638692
0.04978091050743161,0.9093014428830138,0.040917646609554575,0.8748436188374502,0.1461748961744438
0.03180279646853462,0.9050731170052966,0.0631240865261688,0.8499434225160241,0.03485788635562992
0.0,0.9550286337922219,0.04497136620777804,0.8509817065612992,-0.053300287073894115
