seed_idx,seed,best_fitness,converged_run_prob,converged_short_pass_prob,converged_deep_pass_prob,converged_fourth_down_aggression
1,942082305,3.76,0.09059296462816437,0.8957514249602148,0.013655610411620897,1.0
2,1145077126,3.42,0.08445794821168956,0.8212063224203349,0.0943357293679756,0.9689655936096345
3,1773871898,3.36,0.0,0.07757950896866767,0.9224204910313323,0.9007672252196293
4,1980789688,3.75,0.04881953676038115,0.9511804632396188,0.0,0.927112004300872
5,2047133773,3.44,0.04916203699941788,0.9508379630005822,0.0,0.9570776808659573
6,1988008269,3.635,0.0,0.992008694689229,0.007991305310770936,0.8183436533461946
7,381818397,3.695,0.04868462669806196,0.951315373301938,0.0,1.0
8,889207412,3.45,0.11849885506835424,0.8605237758075726,0.02097736912407318,1.0
9,2058534300,3.61,0.08231965270048594,0.7787622069456693,0.13891814035384484,0.9895407787633158
10,84665779,3.33,0.04324210985739593,0.956757890142604,0.0,0.9266361668350319
