generation,best_fitness,mean_fitness,worst_fitness
0,2.1770912850072497,1.1601673974797202,0.27806602429919813
1,2.1930703764452497,1.3663192159023763,0.5149140918832318
2,2.485353884687499,1.475534533731162,0.8775695631834861
3,2.391006607943255,1.5650474387925464,0.7395774023700563
4,2.6125492133612456,1.6313838528556865,0.766418216955097
5,2.2448762426785063,1.611826685883787,1.05135751409359
6,2.4929841320011796,1.686829575141729,0.8883315078506753
7,2.569914064807768,1.736151574908441,1.1764897239113894
8,2.663433265163359,1.6462845018059418,0.8345462172057923
9,2.636939335838272,1.7293608461256258,0.8899058249551162
10,2.585750978903935,1.6849128856997606,0.7973350642937322
11,3.011534855773456,1.706858809516784,0.9115348557734566
12,2.7545094207688416,1.661158262593025,0.9243558127069651
13,2.341482159505185,1.7077500811797628,0.9244048743411271
14,2.391006607943255,1.6857400896002845,0.9693290101434189
15,2.8857509789039346,1.6946075016759343,0.9466025654970076
16,2.3494141697490885,1.6703261123829662,1.0241210313718199
17,2.5597078199250634,1.7067635848610507,0.9700322584001948
18,2.568331507850675,1.7024364580931748,1.0793161847808972
19,2.4091719894483052,1.7334351054008983,0.9734820262443373
20,2.68300281778583,1.755009840602983,0.9462464343969728
21,2.7472631143651167,1.7888095094040444,1.0161561759812787
22,2.6755418865761804,1.7329956497171366,1.005048544451962
23,2.4929841320011796,1.760001594626533,0.8315612858641879
24,2.6204538872654934,1.8263961309643917,1.1002016260171132
25,3.1239485778280205,1.7940427767256284,0.7752508571669956
26,2.4168431570364897,1.7492010994289078,1.0950692322440323
27,2.4929841320011796,1.7776339108979906,1.1467551083295895
28,2.382991910412396,1.750120057585396,0.959243812681293
29,2.569914064807768,1.734621448665479,0.7855945776946693
30,2.7906523060568924,1.815817235393168,0.9115348557734566
31,2.466688596643099,1.7778148305867478,1.0896178808965
32,2.7186255903131213,1.823762121245514,1.075570138455328
33,2.597378664013073,1.7813832460841124,1.0896178808965
34,2.5477288358141696,1.8537550186178813,0.9285589192373513
35,2.797996545229879,1.7924415593710237,0.948742635523719
36,2.9223664331228423,1.8574766701076344,1.008602173100013
37,2.7906523060568924,1.7813201192902524,0.8897231255251505
38,2.7906523060568924,1.8642613368847298,1.0188611699158103
39,2.7339540236634177,1.8648406704101261,0.9986117059754009
40,2.711273648821395,1.8105551413893952,1.1307795085288723
41,2.569914064807768,1.826203409530796,0.9700322584001946
42,2.914913251585264,1.848067060111008,1.140593860209359
43,2.761958753684275,1.8586898426473204,0.7972293630559855
44,2.5549235491879903,1.8197454227674226,0.9888799556400512
45,2.5597078199250634,1.8661598891646503,1.0541589547165613
46,2.8342948267302006,1.9192220143658592,1.1570655248908486
47,2.8270523877075244,1.8105904049834842,0.9139188617115981
48,2.87085178923278,1.876809179821597,1.0293991541717018
49,2.6255320009194456,1.887831455678739,1.043879703781698
50,2.777493961364401,1.907536630092881,1.0438797037816983
51,2.562316470999349,1.8671934174666591,0.9462464343969728
52,2.6255320009194456,1.886475007148706,1.1570655248908486
53,2.8270523877075244,1.8792323932653077,1.0855320009194462
54,2.8637079471828124,1.864905679273543,0.9004808433366394
55,2.604859819205812,1.883606229264181,0.8083557108666946
56,2.594005174652903,1.8803296205823274,1.0793161847808972
57,2.6476432560509564,1.8180437538724539,1.1610259784075943
58,2.754509420768842,1.857105728672671,0.9888799556400512
59,2.597378664013073,1.8657039489084024,1.2125492133612454
60,2.6755418865761804,1.8933614927185658,1.0293991541717018
61,2.632701625392565,1.8491822137936678,1.008602173100013
62,2.9518879132756406,1.8584898868652775,1.3199999999999998
63,2.4017054268123066,1.8053760304972273,1.2026808033249898
64,2.569914064807768,1.847480729253679,1.008602173100013
65,2.761958753684275,1.8131893660254093,0.8769834738409312
66,2.9592438126812937,1.8770552755238583,1.0855320009194465
67,2.6476432560509564,1.8411123029223475,1.0338703641106015
68,2.698558358439227,1.861505871471559,0.8792501756989011
69,2.69716153239344,1.8584638435126555,1.1837087135017692
70,2.640069877292806,1.8308549718733593,0.9837229119728166
71,2.562316470999349,1.8506019306829558,1.0338703641106015
72,2.706667566594935,1.770144095792085,1.0541589547165613
73,2.6830028177858303,1.877994954791765,1.1477288358141693
74,2.87085178923278,1.9302948586276187,0.8655815076914273
75,2.87085178923278,1.9049527311739973,1.1149132515852644
76,2.470700448984572,1.8381084017393639,1.1252396349600364
77,2.569914064807768,1.8336116447138582,1.008602173100013
78,2.87085178923278,1.8354997995282334,1.1610259784075943
79,2.761958753684275,1.9103423720204424,1.3020587697306845
80,2.6554286297534815,1.7945383185621118,1.1506726115209678
81,2.604859819205812,1.8722445156854164,1.2292362911269268
82,2.7186255903131213,1.8401889511176095,1.2226854176649795
83,2.7855945776946696,1.8299655827077048,1.0293991541717018
84,3.0194408923030975,1.8106394249064013,0.9592438126812932
85,3.081369685727548,1.8770116840024604,0.9925186568318665
86,2.8857509789039346,1.851044900685289,1.0241210313718199
87,2.9592438126812937,1.7996189287573896,1.0293991541717018
88,2.8342948267302006,1.8552630896810027,0.9811196907540469
89,3.0038509068858468,1.8934143481023655,1.1119062149564638
90,2.9076657652037756,1.9141984114217445,1.0867254049578443
91,2.914913251585264,1.9127405256229155,0.9986117059754009
92,2.5200076687296966,1.7810227130888296,1.140593860209359
93,2.8781972310050787,1.8517528193165118,1.0628026182229682
94,3.02660739301326,1.8814691941962616,1.1826009094506482
95,2.632701625392565,1.8549464365697999,1.111078811710689
96,2.6204538872654934,1.804728513388244,1.1930703764452502
97,2.5549235491879903,1.8276775611359566,1.008602173100013
98,2.5431677324458386,1.8556345449515725,1.1837087135017692
99,2.7041210313718196,1.9300420243636134,1.1307795085288723
100,2.9223664331228423,1.8471856443261325,1.093982606221269
