generation,mean_run,std_run,mean_short,std_short,mean_deep,std_deep,mean_4th,std_4th
0,0.335014116609334,0.014425165002967848,0.3293906148716558,0.008678111464550138,0.3355952685190103,0.009854681047958948,0.4874177130711616,0.026848296175628134
1,0.22502727940335904,0.022630077712818473,0.36391965735294146,0.02044700910285242,0.4110530632436995,0.024938549904124033,0.6344208504842094,0.04890111991155916
2,0.15991574466273945,0.027074737488697275,0.35930216337406834,0.03954583870678698,0.4807820919631922,0.05127713701842352,0.7469512865023511,0.04161307705647979
3,0.11267476317321165,0.023439502456016278,0.34732385316042597,0.059060949054688186,0.5400013836663623,0.07120126574981311,0.8072431026198428,0.049768013526922075
4,0.08186049197877385,0.01325210335437776,0.32886026660820206,0.07960001245299281,0.5892792414130242,0.07516326734023239,0.8399151075579414,0.04286853516686455
5,0.0634768632744526,0.009527629388160853,0.2983583211546522,0.09950848534763279,0.6381648155708952,0.09494907465581592,0.8637618043815969,0.05126362317919148
6,0.056080829499714324,0.0134269222393429,0.26225763171331556,0.10784171355890014,0.6816615387869701,0.1031756355006643,0.8791035195531609,0.04941031701965413
7,0.05319720145638376,0.00975982113432199,0.21851621677463084,0.12202548623915728,0.7282865817689854,0.12085455054865334,0.8911282515971042,0.04101665827679065
8,0.04878599778484529,0.00737878036282481,0.19513477901286122,0.11927276931122753,0.7560792232022935,0.11925126322141588,0.9060611691746953,0.02563120743596371
9,0.0440652641835981,0.00797366337564733,0.17922561930687742,0.12527368521068913,0.7767091165095246,0.12732111233977383,0.9104126595367784,0.03110700738125403
10,0.04078896309376302,0.00650440189239712,0.16452815090278913,0.12201876473508166,0.7946828860034478,0.12430034420894435,0.9137927393902519,0.024816732977524503
11,0.042379683809807646,0.006590831327127801,0.14777067690090148,0.12115574397270482,0.8098496392892909,0.12288677999584317,0.9189210101680034,0.02318456419133809
12,0.04363996671607231,0.009665441315217252,0.1292803649314286,0.11698939720317095,0.8270796683524992,0.12021811446988523,0.9243989677675959,0.016892078092705147
13,0.03975542224273287,0.00910545098081577,0.1287006140963673,0.11624870689095128,0.8315439636608998,0.12132006565946504,0.929970232182009,0.016043553625635976
14,0.03921079144709377,0.006560499174516835,0.12313424816008674,0.11351226646939175,0.8376549603928195,0.11763613064135789,0.9298893068202005,0.01662300359854834
15,0.03918516106831384,0.007037362111010158,0.1236015252551876,0.11400864466743064,0.8372133136764983,0.11775157660474561,0.9400811926749579,0.015453896873263442
16,0.04003465422111185,0.007240302682965221,0.12099483106010075,0.1164702178127647,0.8389705147187874,0.11663161894883803,0.9435789229617082,0.014868916157554181
17,0.04411863564621486,0.006265105664280465,0.11301433381990418,0.11706571904554999,0.842867030533881,0.11955912801849876,0.9389010532144402,0.0168554574411557
18,0.039496973645471264,0.007244920954513373,0.11638340998959221,0.11849575953341902,0.8441196163649366,0.11735155686026852,0.9428971223850813,0.01238173380755351
19,0.04206581204812691,0.007760280987750243,0.11104314610927254,0.11578374921494725,0.8468910418426006,0.1156030779389916,0.9406000669815373,0.012858154333736351
20,0.040503173414465944,0.007484859668333284,0.10903588154668162,0.11373740506939059,0.8504609450388523,0.11411470328060676,0.9372708599959949,0.012488912649437252
21,0.04669016697723486,0.005058825437152901,0.10943723530236238,0.11227720343171185,0.8438725977204028,0.11425879525882102,0.9355281630233903,0.010759444616378866
22,0.04473755684674034,0.007843591226663059,0.10593298879640059,0.10774555432365956,0.849329454356859,0.11155884150085923,0.9322224157010831,0.017199116883540262
23,0.04432944650788191,0.009070420765291558,0.09848444534557946,0.1039057693426819,0.8571861081465386,0.10933077414869367,0.9342847193195036,0.01565111694089276
24,0.042220788361660905,0.008769689822342417,0.1006492896201056,0.10457350937921933,0.8571299220182336,0.10880356089257387,0.9301466444382649,0.022867702927540284
25,0.04182062338185298,0.007341312087608031,0.10133489311879414,0.10447405898363783,0.8568444834993528,0.1042709901587336,0.9359212121240483,0.01829704939038925
26,0.04035610745402908,0.007053979323599435,0.10067082628718685,0.10713530565716399,0.858973066258784,0.11040787334401567,0.9353265951971474,0.018991202289444797
27,0.03946881884779273,0.007494199007119946,0.10003025957208636,0.10161515526579852,0.860500921580121,0.10566312902681621,0.932885916292747,0.013741107647791708
28,0.03839677009481465,0.006522780473556349,0.09463783967886859,0.09594312892419352,0.8669653902263168,0.09832645663564953,0.9367613959300227,0.014376876715444397
29,0.0405535007806722,0.008153733931623672,0.09042022143477998,0.09146853304555524,0.8690262777845478,0.09712431948288096,0.9416950967366773,0.008441902435011521
30,0.041902974265979914,0.01141231071744978,0.08125605982863005,0.08299060582684496,0.87684096590539,0.09286964207175788,0.935347962428898,0.010201841877186313
31,0.040951122517273335,0.007015324885641774,0.07582847330409913,0.08296694293045298,0.8832204041786275,0.08926798622588207,0.9359631572377826,0.011092071245317369
32,0.041868325589758074,0.006860532031313459,0.07311600529956228,0.07114558337848427,0.8850156691106796,0.07593550394969653,0.9359469607544983,0.010622481774061483
33,0.040237447935017025,0.0036769675236046906,0.07170224239430907,0.06192049666403132,0.888060309670674,0.06257428446134804,0.9367591896671957,0.009654032895555732
34,0.04320631771414994,0.007004072550458675,0.06940220582036562,0.06125755894378594,0.8873914764654846,0.06293831233386112,0.937600440516082,0.015571079516740678
35,0.04815483931849043,0.009829939171363043,0.06458627843779045,0.05331950295000353,0.8872588822437191,0.05440178651507065,0.9295204312466347,0.0159098333503916
36,0.04462935947077122,0.01141628906775481,0.06465562564722435,0.050792822741247245,0.8907150148820046,0.05176474238512689,0.9300430769241596,0.01387507452110013
37,0.041682912698453874,0.008311783471349293,0.06863163481749249,0.04807961197444788,0.8896854524840535,0.0495951072326178,0.9344129256633902,0.013017748276668644
38,0.03979478596053146,0.008758411892881856,0.06816246095134304,0.04666229435564521,0.8920427530881255,0.04676591030934416,0.938294974625318,0.01171785284590439
39,0.04163190975856932,0.004040517408382767,0.06785367155461933,0.03708867346852775,0.8905144186868112,0.038122463268140255,0.9456490645204785,0.007665490189062914
40,0.040422163391598875,0.008530500843990804,0.06394970557945205,0.02805040115009801,0.8956281310289491,0.03164462057041701,0.9352657320257778,0.007779485061920847
41,0.040116958905860325,0.01359686676771898,0.058737635934684986,0.026519747331733106,0.9011454051594546,0.029203848794350527,0.9394965503918273,0.014228267025404404
42,0.04081475948110785,0.012133060656221443,0.059219917232264344,0.020776589562754633,0.8999653232866276,0.026028140132719948,0.9377166705392064,0.010702202453899273
43,0.04086105485509134,0.0074599744975343985,0.061870758896262576,0.019379158554803922,0.897268186248646,0.022827973304051445,0.9342982387585824,0.011383947159687042
44,0.04022119916609809,0.0077991765083970785,0.061953880679873896,0.016816838583242972,0.8978249201540281,0.018277807288743217,0.9337899268169367,0.009637528966319609
45,0.03915512081418909,0.0077964192107496085,0.062498323546744394,0.018427943437579936,0.8983465556390664,0.02085083875746386,0.9366533371314564,0.010354092743185044
46,0.040799429484826205,0.008034162114813073,0.05906165439046666,0.014810591964807043,0.9001389161247071,0.015322474043834864,0.9305576862883823,0.010342583055307528
47,0.039624528537574706,0.007793732124762659,0.057041079587068624,0.011684972606533117,0.9033343918753568,0.015024150710822672,0.9375500631875979,0.010806248446971293
48,0.03936103526556041,0.005094211880439439,0.056511905178919485,0.010552619103447406,0.9041270595555202,0.009415811766459687,0.9339336481403053,0.015041553764466616
49,0.037912228910239945,0.009026357370217909,0.05204110036496236,0.007900865974033501,0.9100466707247976,0.009835624057636563,0.9372580313320193,0.014926690784007485
50,0.038035031764677284,0.005784218663425557,0.049432125114091154,0.007451393539436107,0.9125328431212315,0.008572401161233239,0.9373423117267944,0.014620595370992778
51,0.03716217136469341,0.0077253719922340345,0.04990352825891432,0.010935649593353202,0.9129343003763923,0.010321681771841602,0.9371358987943086,0.015186686189843276
52,0.036603698978017254,0.00833961727364207,0.0496104139360963,0.011832237950368875,0.9137858870858866,0.00796294648051391,0.932402560403505,0.015167910043022797
53,0.03724620486650557,0.004667510335726243,0.04850781315821605,0.015956578093648848,0.9142459819752784,0.012895670873031246,0.9339687382945023,0.012381415161844139
54,0.041894538963761475,0.00878465976703009,0.04655365716210596,0.011858569868348602,0.9115518038741325,0.010459364772030244,0.9351974189135257,0.014252575523506327
55,0.038383558118825635,0.006780728851884127,0.04945568388717244,0.009592136716917072,0.9121607579940021,0.010223896651178632,0.9371986976692147,0.012958198927266028
56,0.038240620396201006,0.005785350544822175,0.05180466891038658,0.011520161890188,0.9099547106934125,0.012772980046664672,0.9354257128542975,0.009622744930797783
57,0.040864180352617005,0.006967903349167619,0.050797529652384286,0.01275901786749822,0.9083382899949987,0.015262731692474128,0.9426383550907727,0.009657499621494139
58,0.03666894271854866,0.004935791614720118,0.05109635250256021,0.01265792839790326,0.912234704778891,0.0147199813898548,0.9425973389195491,0.01634233476011884
59,0.036966154704233645,0.005157442693263205,0.053130901823016094,0.013890964734200553,0.9099029434727504,0.012774723124642395,0.9407586766008962,0.015082499201797094
60,0.04155657655918412,0.006826489414105603,0.05549962232063048,0.013366993502089263,0.9029438011201856,0.014919765205483496,0.9407433305245754,0.009737304199754042
61,0.04099937585069198,0.004766455836565162,0.055101856089010116,0.012077105478784584,0.9038987680602979,0.014525102530753948,0.9409644852592052,0.012722942895580356
62,0.04091503860362194,0.0052079422944696,0.04898803071122516,0.007362189660775974,0.9100969306851526,0.010077660423660142,0.9396471079397907,0.016315928712533106
63,0.039023147837468394,0.006776461191620221,0.04866565271767346,0.0063260125621682,0.9123111994448582,0.010534028599685651,0.9393360616838702,0.013085985552383834
64,0.03480689700017985,0.0048063054529368906,0.04704301021080323,0.00907219040998769,0.9181500927890169,0.01029256095299491,0.9338749276714395,0.019083559987988403
65,0.03808039242799581,0.005833611104947644,0.04779446687864769,0.005261102653813719,0.9141251406933565,0.006391650595385582,0.9324650236187001,0.01728697039533161
66,0.041141438936090666,0.006072339320147214,0.05043305518389977,0.009292312017221535,0.9084255058800096,0.011141113354995768,0.9344572163924412,0.013860829920623196
67,0.04080095407297772,0.007934466146228515,0.053178250702948515,0.010191534780520081,0.9060207952240736,0.015346382659321872,0.9411725519991757,0.009271598622390175
68,0.03915764552268949,0.009756999963221857,0.052282310025282594,0.006739692262511407,0.908560044452028,0.012785791538859942,0.9443285822813013,0.011620391655629586
69,0.03777570646341434,0.006854276433883785,0.053634033408948775,0.010736706539143479,0.908590260127637,0.014162990963491655,0.9420492487680978,0.011029615028970352
70,0.04152972022177109,0.005969146665760805,0.05321412118381171,0.009170381609391702,0.9052561585944172,0.01085150883748931,0.9329164693167824,0.017900765281975702
71,0.04195733974588691,0.009687940853246273,0.05654976365380292,0.012156905878170102,0.9014928966003101,0.013610945979022184,0.9395253440183451,0.013027563143564111
72,0.04185900487994749,0.010604707432391084,0.056064551864522895,0.014148047056773477,0.9020764432555296,0.010332891977651732,0.9407094375711461,0.0076508752187080175
73,0.04417535549026459,0.014241358784825516,0.05614184906384169,0.017101900022698204,0.8996827954458937,0.016479372458397014,0.9410613067346993,0.005688049837561035
74,0.04226694354632733,0.009811693971564738,0.05851240997308793,0.010506490975770874,0.8992206464805846,0.011347226707397927,0.9388187091079153,0.011600076817263055
75,0.03946051810960356,0.009711968422273478,0.05186155493028788,0.01132809955964518,0.9086779269601084,0.011461829883887137,0.9390027589394236,0.01825373009464358
76,0.03904567935018714,0.005027168856988665,0.05432432048546092,0.012177357756788925,0.9066300001643517,0.01239873921640665,0.9320344695376186,0.017042575910816704
77,0.039853772797698084,0.006692613079953762,0.05682734813325616,0.01648790655358195,0.9033188790690458,0.015935536761008028,0.932804645277975,0.012603325517882109
78,0.040149846759846786,0.009247476435656828,0.05588023583407509,0.012339936137294392,0.9039699174060782,0.010791596882423399,0.9261519541239268,0.013481618842501285
79,0.03887325946838978,0.006956066151359171,0.05394223788118905,0.008220338168503599,0.907184502650421,0.009671828828203652,0.925328291434855,0.014487931308595152
80,0.04019283931583056,0.007274780787974113,0.054121516283442875,0.006881887311210292,0.9056856444007266,0.00833429265852202,0.9328522410003759,0.01177399174187457
81,0.04094603627343384,0.0063506623845330035,0.05178587135567989,0.011008435681459034,0.9072680923708862,0.01035072041572623,0.9372298861023101,0.012996449427379538
82,0.04424132103103261,0.010369127961872665,0.050608049870394675,0.00957163910017486,0.9051506290985726,0.011476909207888802,0.9333447185215886,0.01162753254524501
83,0.039997799172447064,0.007603911149609272,0.051895740542864464,0.009713619950945721,0.9081064602846884,0.007604442205223386,0.9398581932352563,0.01131925387412197
84,0.03939185920584028,0.006429824726838248,0.04902467855015576,0.010150856314426408,0.911583462244004,0.011079434542511585,0.9409888818597374,0.012845656687685681
85,0.03818273336309558,0.00609142098702391,0.048051975444762265,0.009968614154534799,0.9137652911921421,0.009339181803824745,0.9404784947049741,0.01004774424741575
86,0.035757842697616546,0.005271996789430413,0.047126420327781395,0.009076640133448204,0.9171157369746019,0.011777486615086128,0.9440723148407979,0.010823543294305384
87,0.0375390728349068,0.010405138282533505,0.052674410036004704,0.012363317362787863,0.9097865171290884,0.01346639907603436,0.941093915201024,0.008184656735058915
88,0.03930138958108533,0.00830180196137301,0.05042827738153209,0.013447762589948085,0.9102703330373826,0.017052439636816772,0.943206523288052,0.0058672425813482264
89,0.03750930062520745,0.00628111455301157,0.05229502274068796,0.016658667706712964,0.9101956766341047,0.01769330485610929,0.9404242727262686,0.01208468554796361
90,0.04102675132780642,0.006795652158180247,0.05020000697837149,0.011638124704297492,0.9087732416938221,0.01164704078732588,0.9335369873737479,0.015815428462656534
91,0.04114418719649126,0.00853050387514781,0.05036703755312122,0.012524779362193735,0.9084887752503874,0.012216687352961636,0.9345330369546119,0.015571349130322116
92,0.041005128537026724,0.007957533004002607,0.05135893425629264,0.011149916345504458,0.9076359372066808,0.010089122236799062,0.9392207074835568,0.01446069723950786
93,0.04258291772121271,0.008659081311913409,0.05000723068078193,0.009345977456306059,0.9074098515980055,0.008871000969986506,0.9410391530830665,0.013246118312304727
94,0.04088115771695959,0.009685544864002206,0.05200438500965056,0.008874172024240078,0.9071144572733898,0.011216435565044865,0.9428092337676279,0.015453697554516633
95,0.04116864362251936,0.006335802105707411,0.049695257063229824,0.008985782647771829,0.9091360993142509,0.006719213713156435,0.9402587546379019,0.014217993132955993
96,0.04160861580145469,0.005868999505525534,0.04922125742199269,0.0101816378045291,0.9091701267765526,0.011468443049291115,0.9340593564484369,0.00743697709773057
97,0.04141010184373378,0.006063029073777419,0.04860783114329159,0.00705964902902078,0.9099820670129745,0.0076924964673950455,0.9322226663748865,0.009215371065154207
98,0.03999540415401473,0.004785812087465943,0.05175113368027333,0.010320110249791025,0.9082534621657119,0.011955291516015792,0.9325740448269138,0.015262796102278296
99,0.03815036896154141,0.004794829557328767,0.05416286781143951,0.013429291924550217,0.9076867632270191,0.015600935590273271,0.9308960341484033,0.02258321033421391
100,0.03898320118925769,0.008591433994623117,0.05247281095310098,0.012062879606752707,0.9085439878576415,0.01638371613360976,0.9335422842056353,0.023267276854169735
