seed_idx,seed,best_fitness,mean_fitness,worst_fitness,converged_run_prob,converged_short_pass_prob,converged_deep_pass_prob,converged_fourth_down_aggression
1,942082305,2.8055477142828362,1.7829441612828298,0.9888799556400512,0.0,0.0,1.0,1.0
2,1145077126,2.562316470999349,1.8058289353761072,0.8897231255251505,0.047905488447997344,0.07230914053874314,0.8797853710132596,0.8266046421804711
3,1773871898,2.8270523877075244,1.803970341897938,1.2198475680596026,0.0,0.025226398934449033,0.974773601065551,0.8372830636365951
4,1980789688,2.6755418865761804,1.841216914700884,1.1865960467826449,0.03402781491880274,0.008498114303928913,0.9574740707772683,0.7706192431241192
5,2047133773,2.857275137945849,1.8969636291398069,1.1048598192058117,0.0,0.07455349143654091,0.9254465085634591,0.970676658490328
6,1988008269,2.477928137991519,1.7975059462802139,1.0338703641106013,0.045789700814896715,0.0,0.9542102991851034,1.0
7,381818397,2.9820587697306844,1.8446135842630793,1.0793161847808972,0.019438516605222726,0.0,0.9805614833947773,0.9680345101118837
8,889207412,2.754509420768842,1.8185144134763558,1.1212199659502804,0.18544228765511833,0.0,0.8145577123448816,0.9063833514082763
9,2058534300,2.7696178808965,1.7957605985825196,1.008602173100013,0.0,0.025531689588395964,0.9744683104116041,1.0
10,84665779,2.8857509789039346,1.877961188698057,0.9139188617115981,0.028715734685929348,0.020292546236864554,0.9509917190772061,0.7450376458618142
